{
    "model": "RandomForestRegressor",
    "mse": 0.10928173298575819,
    "rmse": 0.33057787733869637,
    "r2_score": -0.18074781847928212
}