{
    "model": "RandomForestRegressor",
    "mse": 0.10665548203567292,
    "rmse": 0.32658150902289756,
    "r2_score": -0.1523721696368865
}