{
    "model": "RandomForestRegressor",
    "mse": 0.0006856152988132506,
    "rmse": 0.026184256697742072,
    "r2_score": 0.8321104136732383
}